<?xml version="1.0" encoding="UTF-8"?>
<zabbix_export>
    <version>3.0</version>
    <date>2016-05-10T20:04:51Z</date>
    <groups>
        <group>
            <name>
					Templates
                </name>
        </group>
    </groups>
    <templates>
        <template>
            <template>Template Microsoft IIS</template>
            <name>Template Microsoft IIS</name>
            <description/>
            <groups>
                <group>
                    <name>
					Templates
                </name>
                </group>
            </groups>
            <applications>
                <application>
                    <name>IIS APP Pool</name>
                </application>
                <application>
                    <name>IIS Site</name>
                </application>
            </applications>
            <items/>
            <discovery_rules>
                <discovery_rule>
                    <name>IIS AppPool</name>
                    <type>0</type>
                    <snmp_community/>
                    <snmp_oid/>
                    <key>apppool.discovery</key>
                    <delay>86400</delay>
                    <status>1</status>
                    <allowed_hosts/>
                    <snmpv3_contextname/>
                    <snmpv3_securityname/>
                    <snmpv3_securitylevel>0</snmpv3_securitylevel>
                    <snmpv3_authprotocol>0</snmpv3_authprotocol>
                    <snmpv3_authpassphrase/>
                    <snmpv3_privprotocol>0</snmpv3_privprotocol>
                    <snmpv3_privpassphrase/>
                    <delay_flex/>
                    <params/>
                    <ipmi_sensor/>
                    <authtype>0</authtype>
                    <username/>
                    <password/>
                    <publickey/>
                    <privatekey/>
                    <port/>
                    <filter>
                        <evaltype>0</evaltype>
                        <formula/>
                        <conditions/>
                    </filter>
                    <lifetime>30</lifetime>
                    <description/>
                    <item_prototypes>
                        <item_prototype>
                            <name>IIS AppPool {#APPPOOL}</name>
                            <type>0</type>
                            <snmp_community/>
                            <multiplier>0</multiplier>
                            <snmp_oid/>
                            <key>apppool.state[{#APPPOOL}]</key>
                            <delay>30</delay>
                            <history>90</history>
                            <trends>0</trends>
                            <status>0</status>
                            <value_type>4</value_type>
                            <allowed_hosts/>
                            <units/>
                            <delta>0</delta>
                            <snmpv3_contextname/>
                            <snmpv3_securityname/>
                            <snmpv3_securitylevel>0</snmpv3_securitylevel>
                            <snmpv3_authprotocol>0</snmpv3_authprotocol>
                            <snmpv3_authpassphrase/>
                            <snmpv3_privprotocol>0</snmpv3_privprotocol>
                            <snmpv3_privpassphrase/>
                            <formula>1</formula>
                            <delay_flex/>
                            <params/>
                            <ipmi_sensor/>
                            <data_type>0</data_type>
                            <authtype>0</authtype>
                            <username/>
                            <password/>
                            <publickey/>
                            <privatekey/>
                            <port/>
                            <description/>
                            <inventory_link>0</inventory_link>
                            <applications>
                                <application>
                                    <name>IIS APP Pool</name>
                                </application>
                            </applications>
                            <valuemap/>
                            <logtimefmt/>
                            <application_prototypes/>
                        </item_prototype>
                    </item_prototypes>
                    <trigger_prototypes>
                        <trigger_prototype>
                            <expression>{Template Microsoft IIS:apppool.state[{#APPPOOL}].str(Stopped)}&lt;&gt;0</expression>
                            <name>IIS AppPool {#APPPOOL} is down</name>
                            <url/>
                            <status>0</status>
                            <priority>4</priority>
                            <description/>
                            <type>0</type>
                            <dependencies/>
                        </trigger_prototype>
                    </trigger_prototypes>
                    <graph_prototypes/>
                    <host_prototypes/>
                </discovery_rule>
                <discovery_rule>
                    <name>IIS Site</name>
                    <type>0</type>
                    <snmp_community/>
                    <snmp_oid/>
                    <key>site.discovery</key>
                    <delay>30</delay>
                    <status>0</status>
                    <allowed_hosts/>
                    <snmpv3_contextname/>
                    <snmpv3_securityname/>
                    <snmpv3_securitylevel>0</snmpv3_securitylevel>
                    <snmpv3_authprotocol>0</snmpv3_authprotocol>
                    <snmpv3_authpassphrase/>
                    <snmpv3_privprotocol>0</snmpv3_privprotocol>
                    <snmpv3_privpassphrase/>
                    <delay_flex/>
                    <params/>
                    <ipmi_sensor/>
                    <authtype>0</authtype>
                    <username/>
                    <password/>
                    <publickey/>
                    <privatekey/>
                    <port/>
                    <filter>
                        <evaltype>0</evaltype>
                        <formula/>
                        <conditions/>
                    </filter>
                    <lifetime>30</lifetime>
                    <description/>
                    <item_prototypes>
                        <item_prototype>
                            <name>IIS Site {#SITE}</name>
                            <type>0</type>
                            <snmp_community/>
                            <multiplier>0</multiplier>
                            <snmp_oid/>
                            <key>site.state[{#SITE}]</key>
                            <delay>30</delay>
                            <history>90</history>
                            <trends>0</trends>
                            <status>0</status>
                            <value_type>4</value_type>
                            <allowed_hosts/>
                            <units/>
                            <delta>0</delta>
                            <snmpv3_contextname/>
                            <snmpv3_securityname/>
                            <snmpv3_securitylevel>0</snmpv3_securitylevel>
                            <snmpv3_authprotocol>0</snmpv3_authprotocol>
                            <snmpv3_authpassphrase/>
                            <snmpv3_privprotocol>0</snmpv3_privprotocol>
                            <snmpv3_privpassphrase/>
                            <formula>1</formula>
                            <delay_flex/>
                            <params/>
                            <ipmi_sensor/>
                            <data_type>0</data_type>
                            <authtype>0</authtype>
                            <username/>
                            <password/>
                            <publickey/>
                            <privatekey/>
                            <port/>
                            <description/>
                            <inventory_link>0</inventory_link>
                            <applications>
                                <application>
                                    <name>IIS Site</name>
                                </application>
                            </applications>
                            <valuemap/>
                            <logtimefmt/>
                            <application_prototypes/>
                        </item_prototype>
                    </item_prototypes>
                    <trigger_prototypes>
                        <trigger_prototype>
                            <expression>{Template Microsoft IIS:site.state[{#SITE}].str(Stopped)}&lt;&gt;0</expression>
                            <name>IIS SIte {#SITE} is down</name>
                            <url/>
                            <status>0</status>
                            <priority>4</priority>
                            <description/>
                            <type>0</type>
                            <dependencies/>
                        </trigger_prototype>
                    </trigger_prototypes>
                    <graph_prototypes/>
                    <host_prototypes/>
                </discovery_rule>
            </discovery_rules>
            <macros/>
            <templates/>
            <screens/>
        </template>
    </templates>
</zabbix_export>
